scorer,DLC_resnet50_SIdeViewLongTrainingAug12shuffle1_24300,DLC_resnet50_SIdeViewLongTrainingAug12shuffle1_24300,DLC_resnet50_SIdeViewLongTrainingAug12shuffle1_24300,DLC_resnet50_SIdeViewLongTrainingAug12shuffle1_24300,DLC_resnet50_SIdeViewLongTrainingAug12shuffle1_24300,DLC_resnet50_SIdeViewLongTrainingAug12shuffle1_24300,DLC_resnet50_SIdeViewLongTrainingAug12shuffle1_24300,DLC_resnet50_SIdeViewLongTrainingAug12shuffle1_24300,DLC_resnet50_SIdeViewLongTrainingAug12shuffle1_24300,DLC_resnet50_SIdeViewLongTrainingAug12shuffle1_24300,DLC_resnet50_SIdeViewLongTrainingAug12shuffle1_24300,DLC_resnet50_SIdeViewLongTrainingAug12shuffle1_24300,DLC_resnet50_SIdeViewLongTrainingAug12shuffle1_24300,DLC_resnet50_SIdeViewLongTrainingAug12shuffle1_24300,DLC_resnet50_SIdeViewLongTrainingAug12shuffle1_24300,DLC_resnet50_SIdeViewLongTrainingAug12shuffle1_24300,DLC_resnet50_SIdeViewLongTrainingAug12shuffle1_24300,DLC_resnet50_SIdeViewLongTrainingAug12shuffle1_24300
bodyparts,wrist,wrist,wrist,elbow,elbow,elbow,shoulder,shoulder,shoulder,waist,waist,waist,knee,knee,knee,foot,foot,foot
coords,x,y,likelihood,x,y,likelihood,x,y,likelihood,x,y,likelihood,x,y,likelihood,x,y,likelihood
0,1182.7554931640625,219.45745849609375,0.8882224559783936,1242.197998046875,225.9194793701172,0.7091132998466492,1315.94775390625,221.14356994628906,0.7093981504440308,1445.4388427734375,235.2749786376953,0.9900104403495789,1554.8582763671875,258.91424560546875,0.5586885213851929,1639.7698974609375,305.1139221191406,0.9267854690551758
1,1177.6356201171875,218.21641540527344,0.911790132522583,1236.081298828125,226.69114685058594,0.9542434215545654,1288.51220703125,219.87255859375,0.5815368294715881,1440.87744140625,235.96173095703125,0.9843668341636658,1549.5589599609375,257.8855285644531,0.6210347414016724,1633.9512939453125,300.04364013671875,0.9085686206817627
2,1174.3355712890625,218.8354034423828,0.9217960834503174,1231.256591796875,226.2739715576172,0.8865866661071777,1290.910888671875,220.53240966796875,0.6993578672409058,1432.983642578125,237.7843475341797,0.9438794851303101,1545.357421875,257.2447814941406,0.7586020827293396,1628.9410400390625,297.943359375,0.8635050654411316
3,1169.1156005859375,219.23394775390625,0.956864058971405,1223.468994140625,225.3386993408203,0.8920724987983704,1296.96630859375,221.78839111328125,0.48061603307724,1426.7569580078125,237.25462341308594,0.9877707958221436,1539.3524169921875,255.47296142578125,0.701024055480957,1625.226318359375,292.6960144042969,0.9126790165901184
4,1159.8428955078125,217.4097137451172,0.9000234007835388,1215.420166015625,226.4539031982422,0.7879497408866882,1278.990478515625,221.91925048828125,0.5485090613365173,1411.5020751953125,242.32421875,0.9798505306243896,1528.04736328125,254.14549255371094,0.6745795607566833,1615.9140625,284.2367858886719,0.9194077253341675
5,1153.622314453125,217.27731323242188,0.8931649327278137,1208.9468994140625,224.56298828125,0.6422379016876221,1284.2908935546875,223.82742309570312,0.39696863293647766,1405.6065673828125,242.2035369873047,0.9768309593200684,1522.249267578125,253.2163848876953,0.81699138879776,1610.993896484375,281.1146240234375,0.8580824732780457
6,1148.23974609375,216.94183349609375,0.8867957592010498,1204.905029296875,225.63023376464844,0.6644718647003174,1282.267822265625,221.0665740966797,0.5064401626586914,1402.0225830078125,243.70233154296875,0.9725989103317261,1518.30810546875,252.9269256591797,0.827427327632904,1607.4061279296875,279.3915100097656,0.9111643433570862
7,1142.316162109375,216.77793884277344,0.843817412853241,1199.6097412109375,224.05999755859375,0.3811723589897156,1278.6129150390625,220.63381958007812,0.5923110842704773,1394.7410888671875,242.54556274414062,0.9763770699501038,1512.1773681640625,253.01629638671875,0.793540358543396,1604.0665283203125,276.77313232421875,0.969305694103241
8,1135.621826171875,217.08079528808594,0.8480344414710999,1194.8150634765625,222.8443603515625,0.25640517473220825,1277.52392578125,220.44285583496094,0.6757442355155945,1389.7408447265625,243.3576202392578,0.9753760099411011,1506.766845703125,252.14559936523438,0.886763870716095,1597.7020263671875,274.6554260253906,0.919523298740387
9,1125.3541259765625,218.2095489501953,0.8569347262382507,1183.0150146484375,221.30471801757812,0.2584269940853119,1268.677490234375,221.1188201904297,0.5670129060745239,1378.4039306640625,244.52911376953125,0.9753457903862,1496.529296875,251.52899169921875,0.8221108913421631,1589.0267333984375,271.0648193359375,0.9315846562385559
10,1120.8214111328125,217.71258544921875,0.8434668183326721,1179.174560546875,219.31849670410156,0.3110899329185486,1260.154296875,221.17750549316406,0.5993659496307373,1373.705078125,244.19129943847656,0.9782310128211975,1489.9599609375,251.23133850097656,0.8816330432891846,1582.952880859375,270.5546875,0.9363278746604919
11,1118.5799560546875,215.2444305419922,0.7700691223144531,1174.4764404296875,219.2382354736328,0.25883010029792786,1246.5247802734375,220.0699920654297,0.07972601801156998,1370.806640625,245.25445556640625,0.9775118827819824,1485.6380615234375,250.66290283203125,0.8707411885261536,1579.776611328125,271.0314636230469,0.8611855506896973
12,1113.5545654296875,214.03013610839844,0.8372108936309814,1169.0780029296875,218.12303161621094,0.25052493810653687,1238.5234375,220.13258361816406,0.11601299047470093,1365.22021484375,246.60360717773438,0.9654721617698669,1482.15234375,251.96371459960938,0.8571704626083374,1574.652587890625,269.1761169433594,0.9061992168426514
13,1109.7073974609375,213.52679443359375,0.8864319920539856,1165.191162109375,218.07302856445312,0.2723793089389801,1232.0555419921875,218.22621154785156,0.10959024727344513,1361.498291015625,244.50811767578125,0.9834564328193665,1476.0994873046875,251.36541748046875,0.8636395931243896,1567.5914306640625,269.52801513671875,0.8770182728767395
14,1104.9632568359375,212.87184143066406,0.878196656703949,1154.79296875,209.9188690185547,0.4997809827327728,1224.1802978515625,215.75509643554688,0.16881625354290009,1352.2978515625,242.54734802246094,0.9832803010940552,1467.245849609375,252.18809509277344,0.8093655705451965,1558.2412109375,269.4247131347656,0.908987820148468
15,1102.0172119140625,209.8686981201172,0.897858738899231,1152.518310546875,209.72555541992188,0.6313362717628479,1196.1279296875,212.94796752929688,0.21603552997112274,1345.5916748046875,242.60679626464844,0.993009090423584,1461.964599609375,251.8186492919922,0.8317691087722778,1552.3128662109375,270.3954162597656,0.955615758895874
16,1099.00634765625,208.635009765625,0.929265022277832,1150.0355224609375,208.84811401367188,0.550673246383667,1189.43701171875,208.77862548828125,0.2915055751800537,1342.012939453125,242.96481323242188,0.9926965832710266,1456.1646728515625,250.77276611328125,0.8676624894142151,1547.7794189453125,271.0927734375,0.8912495374679565
17,1098.0679931640625,208.2830047607422,0.9342589974403381,1148.3076171875,208.32598876953125,0.5038273930549622,1188.2564697265625,208.28140258789062,0.30364519357681274,1337.255615234375,243.73056030273438,0.9833285808563232,1450.1815185546875,252.21815490722656,0.7296276688575745,1542.721923828125,270.8757019042969,0.8631369471549988
18,1094.3809814453125,208.08346557617188,0.9235337972640991,1146.2000732421875,205.5740966796875,0.3267778754234314,1188.1392822265625,207.7193145751953,0.2651146650314331,1330.776123046875,243.99510192871094,0.9707469940185547,1445.0433349609375,251.83909606933594,0.74484783411026,1536.964111328125,271.5673828125,0.938492476940155
19,1094.2265625,208.42453002929688,0.9074768424034119,1141.0570068359375,201.3690185546875,0.3741554915904999,1187.1856689453125,204.79147338867188,0.20269399881362915,1320.3203125,244.176513671875,0.9766616225242615,1433.9771728515625,254.1069793701172,0.707308292388916,1525.691650390625,270.8556213378906,0.8734551072120667
20,1094.98974609375,211.47286987304688,0.9093667268753052,1140.4012451171875,200.5721893310547,0.32017287611961365,1175.9610595703125,201.72686767578125,0.32994210720062256,1314.909912109375,243.85060119628906,0.9892230033874512,1424.777099609375,254.84178161621094,0.7566704154014587,1520.4053955078125,271.2575378417969,0.9310004115104675
21,1095.590576171875,215.2922821044922,0.8755806088447571,1139.3436279296875,201.43077087402344,0.4160393476486206,1173.1185302734375,199.0651397705078,0.45792925357818604,1309.9102783203125,245.94277954101562,0.9582625031471252,1420.921630859375,256.0058288574219,0.8092062473297119,1514.6177978515625,270.84027099609375,0.8169168829917908
22,1094.6636962890625,217.05450439453125,0.7720050811767578,1139.4227294921875,202.53558349609375,0.4028662443161011,1172.71337890625,197.623046875,0.5796180963516235,1302.5711669921875,245.55758666992188,0.9542012214660645,1412.3427734375,256.7449645996094,0.87917160987854,1509.273681640625,269.36468505859375,0.916590690612793
23,1094.8638916015625,225.90118408203125,0.7713119387626648,1138.4674072265625,203.22573852539062,0.34215593338012695,1171.1796875,196.76300048828125,0.6881952881813049,1295.9119873046875,244.3799591064453,0.9771892428398132,1406.2052001953125,257.0968933105469,0.8919052481651306,1503.12646484375,269.2394104003906,0.9266656041145325
24,1097.5093994140625,237.5990447998047,0.7109455466270447,1137.130615234375,208.46446228027344,0.3224935233592987,1169.1824951171875,194.81500244140625,0.9063585996627808,1283.2637939453125,243.18003845214844,0.9874052405357361,1394.37646484375,259.654296875,0.8727469444274902,1490.426513671875,268.8733825683594,0.9637128710746765
25,1100.2061767578125,244.55357360839844,0.8206992745399475,1137.7589111328125,209.9835968017578,0.32455697655677795,1166.5322265625,195.82211303710938,0.8302830457687378,1278.49951171875,242.88165283203125,0.9851629137992859,1389.7532958984375,260.3923034667969,0.8659394383430481,1484.2515869140625,268.0334167480469,0.9074274897575378
26,1102.185546875,249.71084594726562,0.7715877890586853,1139.5118408203125,216.57464599609375,0.3864058256149292,1168.138427734375,203.5823211669922,0.6503239274024963,1272.7210693359375,241.75494384765625,0.9793342351913452,1381.0157470703125,261.483154296875,0.8044646978378296,1479.164794921875,267.7952880859375,0.9686880707740784
27,1103.7454833984375,253.595703125,0.6256288290023804,1143.156982421875,222.6259765625,0.3774881362915039,1163.1666259765625,199.37237548828125,0.7861607670783997,1265.6966552734375,241.9326171875,0.9909301400184631,1374.2825927734375,260.4605712890625,0.8513941764831543,1471.2247314453125,266.8687438964844,0.9402486681938171
28,1106.78271484375,257.1349182128906,0.668613612651825,1146.21923828125,224.4835662841797,0.5144139528274536,1164.3492431640625,198.1180877685547,0.741948664188385,1259.9530029296875,241.96157836914062,0.9880402684211731,1369.927978515625,263.1993713378906,0.7994018197059631,1462.806884765625,264.8740539550781,0.9779525399208069
29,1110.382568359375,255.4384002685547,0.7651915550231934,1148.4365234375,226.7864532470703,0.388486385345459,1158.473876953125,197.44126892089844,0.8457103967666626,1244.4947509765625,241.23915100097656,0.9800992608070374,1354.779296875,264.6874084472656,0.7672774195671082,1449.2752685546875,261.9242858886719,0.9792811870574951
30,1111.273193359375,251.0677032470703,0.7007240056991577,1149.7906494140625,225.7217559814453,0.3962729871273041,1160.251953125,198.46743774414062,0.7315988540649414,1235.918701171875,241.28965759277344,0.9905621409416199,1344.1434326171875,263.192626953125,0.7981356382369995,1441.04541015625,262.0903015136719,0.984855592250824
31,1111.1649169921875,244.40907287597656,0.8574730157852173,1146.988525390625,218.60040283203125,0.3853899836540222,1164.35498046875,204.09886169433594,0.12838426232337952,1229.891845703125,240.90460205078125,0.9866698384284973,1338.636474609375,263.3964538574219,0.6889336705207825,1433.588134765625,260.3580017089844,0.9754428863525391
32,1111.4642333984375,238.70230102539062,0.8714328408241272,1146.1226806640625,218.84381103515625,0.8596897721290588,1225.2861328125,240.24403381347656,0.04202329367399216,1222.03076171875,241.8581085205078,0.9923222661018372,1328.389892578125,263.3643798828125,0.7160952091217041,1424.63037109375,259.6536865234375,0.9864214658737183
33,1108.96337890625,230.51284790039062,0.9611286520957947,1143.44189453125,218.43023681640625,0.8661569356918335,1218.4490966796875,242.207275390625,0.10289407521486282,1215.09033203125,241.9374542236328,0.9845768809318542,1322.5889892578125,266.2478332519531,0.5926947593688965,1418.000244140625,258.200927734375,0.9645026922225952
34,1099.9246826171875,218.51040649414062,0.9000976085662842,1139.3963623046875,217.54336547851562,0.644717812538147,1202.596923828125,240.0264892578125,0.11645872890949249,1197.8944091796875,239.5570068359375,0.9809354543685913,1307.0386962890625,268.0877380371094,0.7192370295524597,1402.0145263671875,257.6732177734375,0.9453029632568359
35,1093.94140625,210.0001220703125,0.6854267716407776,1137.658935546875,219.88307189941406,0.14031486213207245,1196.986572265625,228.82310485839844,0.13615208864212036,1193.6822509765625,237.65682983398438,0.9515465497970581,1299.355224609375,270.54302978515625,0.8583933711051941,1394.641357421875,255.4995880126953,0.9762256145477295
36,1090.706298828125,208.7154998779297,0.5074933171272278,1127.9866943359375,217.2145538330078,0.196920245885849,1188.156494140625,214.0401611328125,0.14013513922691345,1186.4056396484375,233.6943359375,0.9773392081260681,1290.89599609375,271.8544921875,0.9020206332206726,1386.6253662109375,255.2723388671875,0.9137399792671204
37,1088.6480712890625,205.368408203125,0.1057831272482872,1123.018310546875,215.3570098876953,0.08461813628673553,1184.6719970703125,228.59829711914062,0.27934160828590393,1182.8404541015625,233.6851806640625,0.9754084348678589,1283.276611328125,276.5938720703125,0.9315210580825806,1380.604736328125,253.99659729003906,0.9660504460334778
38,1103.130615234375,213.6114044189453,0.1658414900302887,1111.553955078125,213.48269653320312,0.16530172526836395,1182.119384765625,228.3898162841797,0.1885269433259964,1177.891845703125,233.99542236328125,0.9503321051597595,1277.85546875,277.4569091796875,0.9049766659736633,1371.9525146484375,253.87220764160156,0.9103713035583496
39,1082.5379638671875,208.7513427734375,0.36391451954841614,1090.9793701171875,206.68179321289062,0.3624212443828583,1174.2415771484375,228.75914001464844,0.4013509750366211,1170.843017578125,232.24130249023438,0.9757948517799377,1266.084228515625,287.13592529296875,0.9346629977226257,1358.3280029296875,251.78187561035156,0.9303656816482544
40,1035.34521484375,197.49806213378906,0.6053454279899597,1075.2789306640625,203.05734252929688,0.689460813999176,1172.5855712890625,228.77981567382812,0.5221151113510132,1169.0948486328125,231.55235290527344,0.9730477929115295,1261.71826171875,288.7630615234375,0.9497469067573547,1351.7677001953125,252.63002014160156,0.9469653367996216
41,1023.0322875976562,195.6860809326172,0.8490277528762817,1064.5753173828125,200.2177734375,0.8091884851455688,1170.27978515625,227.8182830810547,0.5422700643539429,1167.6070556640625,231.6861572265625,0.9537803530693054,1254.528564453125,292.975341796875,0.9651884436607361,1341.3980712890625,252.17784118652344,0.8090733885765076
42,1009.095947265625,194.8560333251953,0.7512703537940979,1050.5655517578125,198.84092712402344,0.8229895830154419,1168.26611328125,227.30844116210938,0.4277641773223877,1165.105224609375,230.6186981201172,0.9331349730491638,1248.3548583984375,295.18109130859375,0.965034544467926,1333.7568359375,251.70626831054688,0.9411311745643616
43,995.7107543945312,193.86444091796875,0.8147493004798889,1040.03466796875,195.1879119873047,0.7903095483779907,1166.771484375,226.22647094726562,0.2746526896953583,1161.9749755859375,229.5463104248047,0.9594671726226807,1242.606201171875,297.39593505859375,0.963231086730957,1325.3232421875,250.2210235595703,0.8810228705406189
44,969.169189453125,189.98599243164062,0.8557304739952087,1018.058837890625,193.25767517089844,0.8443461656570435,1162.9796142578125,225.47593688964844,0.24374455213546753,1159.3192138671875,229.1152801513672,0.9405505657196045,1228.44580078125,304.4203186035156,0.9587454795837402,1304.0701904296875,244.9524688720703,0.9578246474266052
45,959.91015625,190.9505615234375,0.7307013869285583,1007.1249389648438,188.2879180908203,0.6981981992721558,1161.64990234375,226.11801147460938,0.2781251072883606,1157.8929443359375,230.50291442871094,0.9340250492095947,1220.659423828125,308.5428771972656,0.9643076658248901,1295.0631103515625,243.40707397460938,0.9450405240058899
46,950.3425903320312,192.52932739257812,0.9011274576187134,998.3243408203125,187.0247344970703,0.5641345977783203,1160.1014404296875,226.59600830078125,0.32419267296791077,1155.70068359375,229.69866943359375,0.946437418460846,1213.5997314453125,310.28302001953125,0.9476168751716614,1282.7919921875,238.23696899414062,0.9542954564094543
47,942.0062255859375,194.89291381835938,0.9114691615104675,991.5413818359375,187.77207946777344,0.3633789122104645,1159.2786865234375,227.25083923339844,0.4362333118915558,1153.9771728515625,229.9674530029297,0.9624625444412231,1205.486083984375,312.2894592285156,0.9322177171707153,1271.1470947265625,235.81512451171875,0.9531195163726807
48,933.4376220703125,199.24034118652344,0.8798100352287292,985.701416015625,187.23464965820312,0.37060511112213135,1157.263427734375,228.62588500976562,0.5023960471153259,1150.3216552734375,230.71426391601562,0.9566873908042908,1201.9510498046875,313.1385498046875,0.8494116067886353,1258.686279296875,231.8542938232422,0.9456695318222046
49,922.1549072265625,202.75633239746094,0.772731363773346,975.165283203125,189.7972869873047,0.4071331024169922,1151.7474365234375,229.0858154296875,0.42047426104545593,1146.0703125,229.87547302246094,0.9325861930847168,1191.6485595703125,313.8631286621094,0.7295319437980652,1240.2755126953125,227.7480010986328,0.9232836365699768
50,915.8346557617188,205.39166259765625,0.717868983745575,967.6161499023438,187.19068908691406,0.3979734182357788,1148.868896484375,228.7109832763672,0.4082563519477844,1144.0384521484375,230.70626831054688,0.9444555640220642,1189.030029296875,313.874267578125,0.8032298684120178,1234.5667724609375,227.13465881347656,0.9297202229499817
51,910.9033203125,208.87538146972656,0.763700544834137,958.0868530273438,194.068115234375,0.5793335437774658,1146.5103759765625,227.92872619628906,0.5130705237388611,1142.10693359375,229.79486083984375,0.9222272038459778,1188.1826171875,313.5716247558594,0.8471868634223938,1237.4837646484375,228.788330078125,0.9516515135765076
52,902.3578491210938,210.2750701904297,0.8358219861984253,951.9065551757812,196.24517822265625,0.7463813424110413,1145.0184326171875,228.39222717285156,0.5503143072128296,1138.715576171875,230.49951171875,0.8817762136459351,1188.312255859375,312.3827209472656,0.9057557582855225,1242.4212646484375,231.44602966308594,0.9449565410614014
53,894.6243286132812,210.61935424804688,0.8755491971969604,945.3268432617188,195.1776580810547,0.7998826503753662,1142.3406982421875,227.38327026367188,0.6145876049995422,1136.839599609375,230.49644470214844,0.8275887966156006,1188.7811279296875,310.5613708496094,0.9478350281715393,1250.733642578125,235.25247192382812,0.9723833203315735
54,877.875,211.1247100830078,0.8958654403686523,933.5072631835938,204.2210235595703,0.7991943359375,987.5186767578125,195.63633728027344,0.5109636783599854,1125.34765625,229.74876403808594,0.5278042554855347,1192.9552001953125,305.1460876464844,0.979735255241394,1266.469482421875,246.6147003173828,0.9306159019470215
55,870.2216796875,211.43724060058594,0.9364344477653503,926.67578125,207.8243408203125,0.8733355402946472,978.696044921875,194.2552947998047,0.7665483355522156,1121.8123779296875,227.4936065673828,0.5987064838409424,1194.5775146484375,301.4084777832031,0.9628075361251831,1277.266845703125,257.8985290527344,0.7740911841392517
56,862.4185791015625,210.56024169921875,0.8628911375999451,921.0104370117188,208.47607421875,0.8156691789627075,976.421630859375,195.76837158203125,0.5663137435913086,1111.695068359375,230.04046630859375,0.29002758860588074,1196.420166015625,294.9256591796875,0.9594213962554932,1287.1177978515625,271.9513244628906,0.702174186706543
57,856.8364868164062,212.23434448242188,0.9270169734954834,916.4564208984375,211.99081420898438,0.8215392827987671,971.449951171875,198.76104736328125,0.5708663463592529,1108.65380859375,230.12550354003906,0.5589278340339661,1196.755126953125,290.6482238769531,0.9373667240142822,1288.336669921875,281.297119140625,0.5885496139526367
58,849.851318359375,212.66891479492188,0.9732567667961121,907.4515380859375,212.26376342773438,0.8302502036094666,971.3240356445312,201.0258331298828,0.587227463722229,1100.427490234375,230.11990356445312,0.7914299368858337,1196.4053955078125,284.89166259765625,0.8413795828819275,1289.3121337890625,293.4507141113281,0.6989337801933289
59,835.7056274414062,214.79971313476562,0.976273775100708,893.8059692382812,216.94248962402344,0.6159552931785583,971.8035278320312,201.75299072265625,0.3332284986972809,1090.300537109375,229.28684997558594,0.987128496170044,1192.7103271484375,273.9540100097656,0.7423499822616577,1280.0350341796875,307.79168701171875,0.8722071051597595
60,831.1241455078125,213.85589599609375,0.9746305346488953,885.0536499023438,219.64517211914062,0.8178362846374512,943.2618408203125,207.97705078125,0.6040506362915039,1083.5609130859375,229.3489990234375,0.9742051959037781,1190.8006591796875,269.0654602050781,0.5366231799125671,1274.207275390625,311.6822509765625,0.8654962778091431
61,826.6756591796875,213.8438720703125,0.9592331647872925,879.6826782226562,218.9835662841797,0.697028636932373,962.0875244140625,198.8409423828125,0.4635985493659973,1079.264892578125,230.58628845214844,0.9776676297187805,876.855224609375,220.21353149414062,0.4484091103076935,1269.560791015625,313.29278564453125,0.8976360559463501
62,818.9381713867188,214.8563690185547,0.9778599739074707,870.7207641601562,220.5832977294922,0.8167274594306946,962.712890625,197.78976440429688,0.5497325658798218,1074.9388427734375,229.29640197753906,0.9956610798835754,873.5108032226562,220.3279266357422,0.3916832208633423,1264.251708984375,313.5072937011719,0.8956649303436279
63,811.8344116210938,213.12347412109375,0.9488065838813782,865.24072265625,220.0270538330078,0.71764075756073,946.5120239257812,208.84182739257812,0.5136700868606567,1071.27294921875,229.2069091796875,0.9927133917808533,1179.5736083984375,257.76641845703125,0.3872842788696289,1257.7122802734375,310.708740234375,0.8859871625900269
64,800.8719482421875,215.44155883789062,0.9457859992980957,855.0904541015625,221.1442108154297,0.6447035670280457,928.875,213.61727905273438,0.6893975138664246,1058.4769287109375,228.40245056152344,0.995725154876709,1248.332275390625,304.40179443359375,0.416088342666626,1250.5711669921875,303.9090881347656,0.9341925382614136
65,794.5514526367188,214.84461975097656,0.9095051288604736,849.94189453125,220.2418975830078,0.6618790030479431,913.5652465820312,214.39883422851562,0.5741987228393555,1050.6781005859375,229.908447265625,0.9905827045440674,1166.4827880859375,253.19110107421875,0.5025571584701538,1245.275634765625,298.984375,0.8779336810112
66,788.4773559570312,214.33212280273438,0.9354839324951172,845.5508422851562,219.87261962890625,0.38122034072875977,913.371826171875,216.93043518066406,0.47926467657089233,1045.286376953125,229.88714599609375,0.9945291876792908,1158.0084228515625,252.67034912109375,0.6108642816543579,1244.4697265625,296.348876953125,0.8906056880950928
67,783.7413940429688,213.84866333007812,0.9397467374801636,840.5543212890625,220.8164825439453,0.506252110004425,912.5357666015625,215.72433471679688,0.5956003665924072,1039.4049072265625,231.0701446533203,0.9926401972770691,1152.455322265625,251.79396057128906,0.672905683517456,1240.8211669921875,290.6724853515625,0.9056320786476135
68,778.1394653320312,214.10891723632812,0.9404342770576477,834.4876098632812,219.12318420410156,0.4454323351383209,912.6234741210938,215.8348846435547,0.6183900237083435,1033.426513671875,231.04464721679688,0.9911711812019348,1149.5552978515625,250.6123809814453,0.7490048408508301,1237.22021484375,286.5421447753906,0.9213672280311584
69,766.625732421875,213.09971618652344,0.9072127342224121,823.1890258789062,219.7314910888672,0.41687214374542236,904.3229370117188,216.8260040283203,0.460412859916687,1022.6402587890625,231.60604858398438,0.9911015033721924,1137.6444091796875,247.90493774414062,0.8336516618728638,1227.2449951171875,280.12481689453125,0.8644322752952576
70,762.1599731445312,212.6873321533203,0.8348711133003235,817.044677734375,217.95974731445312,0.28926894068717957,903.161865234375,214.23036193847656,0.3138810098171234,1017.621337890625,233.261962890625,0.971255898475647,1134.324462890625,245.92739868164062,0.7750634551048279,1224.968994140625,275.6340026855469,0.8774932026863098
71,756.1128540039062,212.44802856445312,0.8849209547042847,871.05859375,217.7376251220703,0.279145210981369,817.205810546875,205.45716857910156,0.17435601353645325,1011.09326171875,233.42648315429688,0.975113034248352,1126.6695556640625,245.57798767089844,0.8548158407211304,1221.37548828125,273.1642150878906,0.9496760368347168
72,749.7174682617188,210.69549560546875,0.8933482766151428,867.7174072265625,216.21389770507812,0.29770398139953613,816.90283203125,205.6007080078125,0.18485811352729797,1007.298828125,232.6163330078125,0.9786166548728943,1121.246826171875,245.3040313720703,0.8934655785560608,1215.2032470703125,270.35736083984375,0.9435004591941833
73,744.6721801757812,212.197509765625,0.8627033233642578,865.0052490234375,216.86920166015625,0.3787229061126709,892.7621459960938,221.42001342773438,0.19881001114845276,1002.50634765625,232.6005859375,0.9780638217926025,1116.926513671875,244.15264892578125,0.9204895496368408,1210.3204345703125,268.5608215332031,0.8469352126121521
74,733.2655639648438,212.70721435546875,0.9062784910202026,854.4729614257812,216.89051818847656,0.3668726980686188,888.6725463867188,211.01959228515625,0.6881130933761597,992.1915283203125,235.99888610839844,0.9679398536682129,1106.0267333984375,243.46307373046875,0.9308488965034485,1199.6795654296875,264.7377624511719,0.9305874109268188
75,727.1756591796875,212.61170959472656,0.9008383750915527,851.8575439453125,214.0749969482422,0.31194090843200684,883.2607421875,210.48236083984375,0.6828469038009644,988.6492919921875,237.1724853515625,0.964405357837677,1100.96337890625,243.15248107910156,0.934149444103241,1196.07763671875,263.169677734375,0.9154524207115173
76,720.90869140625,211.88381958007812,0.9178375005722046,778.2218627929688,212.6207733154297,0.2565285861492157,801.454345703125,205.6157989501953,0.1441454142332077,983.6461181640625,238.67384338378906,0.8949930667877197,1097.64404296875,242.91929626464844,0.9121230840682983,1192.585693359375,260.9310302734375,0.909578800201416
77,716.0891723632812,210.85491943359375,0.7492952942848206,775.18359375,210.88389587402344,0.2708069384098053,789.7542724609375,203.1519775390625,0.125322163105011,978.743408203125,238.9979248046875,0.9628183841705322,1090.933837890625,243.0176544189453,0.9407898187637329,1187.284423828125,260.8486633300781,0.9613116979598999
78,713.5607299804688,209.12716674804688,0.8780211806297302,770.4962158203125,210.38021850585938,0.2363913208246231,851.0794067382812,217.25515747070312,0.08510980755090714,973.3755493164062,237.6482391357422,0.9606986045837402,1086.3419189453125,243.32626342773438,0.9548071622848511,1182.044189453125,260.150634765625,0.9350725412368774
79,701.1961059570312,203.99221801757812,0.7890863418579102,760.213623046875,205.5355987548828,0.19918343424797058,772.7947998046875,203.28407287597656,0.14143848419189453,966.0617065429688,238.81008911132812,0.9537560939788818,1076.1951904296875,243.8365020751953,0.9283726215362549,1173.79248046875,258.9342041015625,0.9657726883888245
80,699.0150146484375,202.59243774414062,0.8129903078079224,758.10986328125,204.98721313476562,0.18469811975955963,772.343994140625,202.7928009033203,0.15184186398983002,959.80908203125,237.76522827148438,0.9624810814857483,1071.61865234375,244.3131561279297,0.9167723059654236,1167.6729736328125,259.88873291015625,0.9552818536758423
81,694.0485229492188,202.99679565429688,0.8602345585823059,752.6265258789062,203.57383728027344,0.2862260341644287,814.9522094726562,209.094482421875,0.2529847323894501,953.0847778320312,236.7550811767578,0.9236969351768494,1068.034912109375,245.51455688476562,0.8797312378883362,1163.0404052734375,260.37884521484375,0.9396641254425049
82,690.15185546875,200.57518005371094,0.8524957299232483,748.6073608398438,203.61370849609375,0.2656644284725189,793.4860229492188,207.80758666992188,0.14831675589084625,947.167724609375,235.60572814941406,0.9742602705955505,1061.298095703125,245.33241271972656,0.856746256351471,1159.4136962890625,258.91680908203125,0.966481626033783
83,685.8851928710938,199.1220245361328,0.7121936678886414,744.8889770507812,201.87086486816406,0.22468790411949158,793.2744750976562,206.66111755371094,0.16126418113708496,942.9500122070312,234.3441162109375,0.9762685298919678,1056.3505859375,245.6031036376953,0.8465873599052429,1153.226318359375,259.8812561035156,0.9701574444770813
84,683.3038330078125,203.78346252441406,0.6625813841819763,740.0349731445312,198.54489135742188,0.20075805485248566,797.0711059570312,202.40371704101562,0.4384235739707947,935.072265625,235.43626403808594,0.9515172839164734,1045.33740234375,247.21263122558594,0.7528570890426636,1143.319091796875,260.4365234375,0.9736962914466858
85,684.9913940429688,207.8565216064453,0.774167537689209,737.6005249023438,194.698486328125,0.2675548195838928,793.6110229492188,198.75506591796875,0.6010201573371887,929.6116333007812,234.2738800048828,0.9700884222984314,1040.0439453125,246.62513732910156,0.804589033126831,1137.4593505859375,261.1039123535156,0.974310040473938
86,683.8682250976562,211.69891357421875,0.859438419342041,731.7930908203125,201.10458374023438,0.2792685627937317,782.6075439453125,196.58155822753906,0.5453038811683655,923.56494140625,233.53939819335938,0.9551478624343872,1036.3826904296875,248.453125,0.8007699251174927,1133.41259765625,261.67236328125,0.9552428126335144
87,682.3646240234375,215.03506469726562,0.7823024988174438,730.9964599609375,196.6042938232422,0.19006869196891785,795.7235107421875,193.21923828125,0.813787043094635,916.9293823242188,233.85267639160156,0.9647036790847778,1028.5352783203125,249.31764221191406,0.7719757556915283,1128.5269775390625,261.0216979980469,0.96717768907547
88,684.23583984375,222.469970703125,0.6970826983451843,778.1991577148438,200.24293518066406,0.1979546695947647,795.6533813476562,191.86111450195312,0.7329210638999939,911.4942626953125,234.8245086669922,0.9639631509780884,1022.8135375976562,249.52098083496094,0.7993543148040771,1121.2757568359375,260.5611267089844,0.9782792925834656
89,686.5521240234375,235.86932373046875,0.6448463797569275,727.5675659179688,203.72520446777344,0.11433124542236328,770.1639404296875,190.00091552734375,0.8402552604675293,899.5391845703125,233.72459411621094,0.9771745800971985,1011.2561645507812,252.8655548095703,0.8372804522514343,1110.6162109375,258.5929870605469,0.9810702800750732
90,690.1047973632812,246.43624877929688,0.5517851710319519,731.322265625,203.47084045410156,0.21906258165836334,771.912353515625,187.06968688964844,0.8977435231208801,894.8526611328125,233.38406372070312,0.982178270816803,1005.0313720703125,253.9199676513672,0.8020999431610107,1103.6177978515625,258.978271484375,0.978598415851593
91,692.9853515625,251.1284942626953,0.5152252316474915,730.794189453125,206.97291564941406,0.27980321645736694,767.7861328125,190.30352783203125,0.8893210291862488,890.8240356445312,233.1846160888672,0.9734990000724792,998.1975708007812,255.21194458007812,0.7459326982498169,1097.5875244140625,255.9198455810547,0.9470939636230469
92,695.4005737304688,254.2593536376953,0.7290568351745605,732.6239624023438,210.85504150390625,0.4209279716014862,768.2603759765625,192.20318603515625,0.7191146016120911,885.8598022460938,233.79978942871094,0.9713199138641357,991.3147583007812,255.61500549316406,0.7799801826477051,1090.30908203125,255.50582885742188,0.9782172441482544
93,700.9973754882812,257.6214904785156,0.6797168850898743,733.2725830078125,218.8072967529297,0.5356417894363403,758.670166015625,191.47146606445312,0.885039210319519,874.7939453125,230.688720703125,0.9545121788978577,984.4398193359375,257.2193298339844,0.7080426812171936,1082.82177734375,255.79116821289062,0.9351269006729126
94,711.5388793945312,259.8935852050781,0.34224459528923035,740.099609375,224.891357421875,0.414356529712677,759.4469604492188,196.13270568847656,0.8762584328651428,860.048583984375,232.4383087158203,0.9630063772201538,969.4598999023438,257.9588928222656,0.7113229632377625,1069.231201171875,253.8192901611328,0.9336641430854797
95,717.3475952148438,255.54013061523438,0.755143404006958,742.7947998046875,225.03359985351562,0.45759516954421997,757.9033813476562,196.7284698486328,0.871577799320221,852.197998046875,231.22203063964844,0.9916444420814514,959.94287109375,256.9381408691406,0.8043922185897827,1061.3138427734375,252.23716735839844,0.9794049263000488
96,721.4371948242188,251.8831329345703,0.7411192655563354,747.3853149414062,223.5946807861328,0.4589400291442871,758.3585815429688,194.81533813476562,0.9434895515441895,845.871826171875,231.79293823242188,0.973018229007721,953.53076171875,258.72705078125,0.757180392742157,1054.5963134765625,251.9012451171875,0.9356191754341125
97,722.4061889648438,242.7326202392578,0.862793505191803,748.514892578125,220.83924865722656,0.43152642250061035,757.3441162109375,193.76181030273438,0.9148522019386292,837.0806274414062,230.5918426513672,0.9942367076873779,943.6624145507812,259.25482177734375,0.8510701060295105,1046.2828369140625,251.20579528808594,0.9715628623962402
98,722.6969604492188,234.37017822265625,0.9398944973945618,750.8831176757812,215.10531616210938,0.5963358879089355,765.3140869140625,199.8424835205078,0.295427143573761,830.3577270507812,229.32012939453125,0.9702440500259399,937.280029296875,260.04937744140625,0.7683230638504028,1038.0997314453125,250.672119140625,0.9307363033294678
99,742.0926513671875,216.3837432861328,0.4833257794380188,748.98974609375,210.00704956054688,0.7437078356742859,818.4908447265625,229.65045166015625,0.056516192853450775,815.5675659179688,228.35946655273438,0.984672486782074,921.6820068359375,262.2388610839844,0.8286831378936768,1023.273681640625,249.75534057617188,0.9338414669036865
100,737.2227172851562,218.14505004882812,0.43431615829467773,749.9003295898438,211.5280303955078,0.3519924581050873,808.8861083984375,212.26734924316406,0.2030041217803955,807.467041015625,227.28228759765625,0.9858239889144897,913.3799438476562,262.7312316894531,0.8513636589050293,1016.2018432617188,250.42588806152344,0.9676235318183899
101,734.2199096679688,213.3710479736328,0.7317399978637695,742.8856201171875,210.82188415527344,0.08465573936700821,806.4093017578125,223.7476806640625,0.1304822415113449,802.7510375976562,225.91000366210938,0.9949906468391418,907.9103393554688,264.5849914550781,0.8509297966957092,1008.8299560546875,249.2882537841797,0.9655632376670837
102,724.681884765625,212.98133850097656,0.7144826650619507,736.3296508789062,212.0753936767578,0.08548998832702637,800.7275390625,224.21546936035156,0.12538501620292664,797.7684326171875,224.65325927734375,0.9864022135734558,901.2297973632812,267.1274108886719,0.833856999874115,1001.3733520507812,247.70965576171875,0.9667336344718933
103,716.7994384765625,209.12893676757812,0.5414252281188965,991.2176513671875,247.27723693847656,0.04902208223938942,794.4509887695312,219.89369201660156,0.08177569508552551,791.9200439453125,224.20021057128906,0.984738826751709,895.9945068359375,267.5329284667969,0.8895460963249207,994.0805053710938,247.05104064941406,0.9756366610527039
104,693.1036987304688,205.64990234375,0.5178115367889404,702.5399169921875,205.50918579101562,0.10774862766265869,785.0667724609375,215.0956268310547,0.27504396438598633,781.94580078125,224.58677673339844,0.9873843193054199,881.9694213867188,274.273681640625,0.9241007566452026,979.3358154296875,244.30796813964844,0.9838920831680298
105,685.406982421875,200.8699493408203,0.5824680328369141,693.4462890625,201.97853088378906,0.08846504241228104,781.5722045898438,214.60618591308594,0.31747087836265564,778.5285034179688,222.94503784179688,0.9823051691055298,876.2869262695312,275.42022705078125,0.9359544515609741,972.0933837890625,244.38201904296875,0.9648316502571106
106,672.4727783203125,201.11703491210938,0.59638512134552,680.3870239257812,198.18319702148438,0.22371622920036316,780.3995971679688,216.81585693359375,0.19272096455097198,776.3109741210938,222.82054138183594,0.9698349833488464,870.9617309570312,279.5283508300781,0.9285398125648499,963.6360473632812,242.88275146484375,0.9868195056915283
107,660.6734619140625,199.3247833251953,0.21433866024017334,666.9530639648438,196.44659423828125,0.40593552589416504,778.3082885742188,216.70712280273438,0.3028065860271454,773.192138671875,223.0004119873047,0.9730591773986816,865.7318725585938,280.4031677246094,0.9052061438560486,956.80126953125,242.87579345703125,0.9738534688949585
108,650.6927490234375,198.3857879638672,0.4933277368545532,658.613037109375,193.72067260742188,0.33534306287765503,776.5984497070312,216.6188507080078,0.4088882505893707,771.5409545898438,222.83462524414062,0.9724430441856384,861.0801391601562,285.566162109375,0.933754026889801,949.0919189453125,240.2632598876953,0.9856299757957458
109,627.6034545898438,193.35670471191406,0.6188937425613403,639.0006103515625,189.99208068847656,0.436594694852829,771.4152221679688,215.6331024169922,0.5752989649772644,766.6864624023438,224.04550170898438,0.9655927419662476,849.1770629882812,293.5091247558594,0.9640525579452515,931.4396362304688,237.1754913330078,0.9675247669219971
110,578.533935546875,184.12667846679688,0.5545445084571838,622.9038696289062,189.60235595703125,0.5437729358673096,770.084228515625,213.94529724121094,0.37464770674705505,765.1546020507812,223.6511688232422,0.9596874713897705,840.4845581054688,296.4471130371094,0.9615065455436707,921.6260986328125,235.31890869140625,0.9517941474914551
111,566.3299560546875,183.56214904785156,0.7149215340614319,613.4280395507812,182.14422607421875,0.44652023911476135,769.1799926757812,215.04373168945312,0.40256041288375854,764.458984375,224.42422485351562,0.9495465755462646,835.4006958007812,300.3152770996094,0.9362927079200745,907.7369995117188,231.53335571289062,0.9310615062713623
112,558.0545043945312,183.46658325195312,0.7534312009811401,605.5465698242188,180.8997039794922,0.4323083162307739,769.1185302734375,215.18516540527344,0.5058828592300415,764.1234741210938,223.82972717285156,0.9566030502319336,830.028564453125,303.9474182128906,0.8749099969863892,894.8114624023438,227.94378662109375,0.9529964327812195
113,548.122802734375,186.8328399658203,0.6479196548461914,597.5026245117188,178.8238983154297,0.2644588053226471,767.4314575195312,215.39918518066406,0.5633156895637512,762.8057250976562,224.083740234375,0.9583165645599365,822.756103515625,304.6474304199219,0.8243952989578247,883.1848754882812,225.00433349609375,0.9823947548866272
114,535.07861328125,193.50067138671875,0.9479390978813171,587.4637451171875,179.060302734375,0.34895554184913635,763.9365844726562,216.78170776367188,0.42103421688079834,759.584228515625,224.61415100097656,0.9470601677894592,814.5640869140625,306.1009216308594,0.7195997834205627,857.8241577148438,220.8380889892578,0.8879131078720093
115,528.646240234375,195.59170532226562,0.9610481858253479,576.218017578125,182.74403381347656,0.5353931188583374,760.49755859375,216.4165802001953,0.2986001670360565,756.1629028320312,225.42315673828125,0.9478376507759094,811.6502685546875,306.0225524902344,0.7213018536567688,854.0941772460938,219.53262329101562,0.92945796251297
116,521.2474975585938,197.35989379882812,0.9383890628814697,567.8534545898438,184.32225036621094,0.5367755889892578,756.9774169921875,216.08445739746094,0.2326943278312683,751.8349609375,225.08908081054688,0.9764493703842163,809.08935546875,305.6261291503906,0.6719090938568115,851.1721801757812,220.27708435058594,0.9242600202560425
117,513.10546875,199.9237060546875,0.8959010243415833,559.4825439453125,188.8820343017578,0.4963407814502716,755.9088745117188,218.1851043701172,0.2948528230190277,749.1033325195312,225.13662719726562,0.9790195822715759,807.144287109375,304.49468994140625,0.6944999694824219,854.468994140625,221.54013061523438,0.9467089176177979
118,504.4677734375,200.46722412109375,0.8021166324615479,556.0311279296875,190.76968383789062,0.5256277322769165,753.7262573242188,215.60874938964844,0.43915554881095886,747.59814453125,224.63235473632812,0.9558033347129822,806.8905029296875,303.0581970214844,0.7492355704307556,859.1109619140625,223.15023803710938,0.9481964707374573
119,489.6351318359375,202.84164428710938,0.8998643159866333,545.369140625,194.76771545410156,0.8021912574768066,746.1064453125,213.3880615234375,0.4910305142402649,742.2216186523438,220.5917510986328,0.8723655939102173,807.8671875,297.6946716308594,0.9263548254966736,877.2553100585938,232.56820678710938,0.9320781230926514
120,482.1639404296875,203.23866271972656,0.943537712097168,536.6392211914062,199.56277465820312,0.7162063717842102,741.4107055664062,211.99583435058594,0.6257777214050293,738.189697265625,220.92967224121094,0.8647881746292114,809.0682983398438,294.1615295410156,0.9483239054679871,887.07080078125,241.45677185058594,0.8886534571647644
121,474.6507873535156,203.4864044189453,0.8896406888961792,528.8861083984375,200.6801300048828,0.7280985713005066,739.6798095703125,211.247314453125,0.7229637503623962,732.304931640625,223.81736755371094,0.6741948127746582,810.8268432617188,289.7579650878906,0.9478592872619629,893.6019897460938,253.72618103027344,0.7150195240974426
122,469.3502502441406,204.7323760986328,0.9442470073699951,522.4583129882812,202.41700744628906,0.6325157880783081,736.2265014648438,211.63067626953125,0.5950435996055603,728.8743286132812,220.9152069091797,0.3104168772697449,812.140869140625,285.46636962890625,0.8473660945892334,901.1998901367188,266.6656799316406,0.7586098313331604
123,461.3128662109375,205.83401489257812,0.8976308703422546,516.0367431640625,205.10716247558594,0.7033189535140991,727.7017211914062,212.6316680908203,0.5828839540481567,722.2301635742188,222.11599731445312,0.19903048872947693,809.6136474609375,279.39581298828125,0.8301014304161072,901.6254272460938,277.8102722167969,0.7875263690948486
124,445.5083312988281,207.49822998046875,0.9238707423210144,502.1997985839844,208.11062622070312,0.7649226188659668,711.7318115234375,216.5097198486328,0.24584084749221802,706.0952758789062,219.47970581054688,0.9152461290359497,807.9878540039062,268.58544921875,0.7391589879989624,896.759033203125,294.9129943847656,0.824497401714325
125,439.6189270019531,207.89297485351562,0.9413179755210876,494.49127197265625,209.86553955078125,0.6387017369270325,550.2496337890625,199.388916015625,0.25016793608665466,700.5899658203125,217.4229736328125,0.8818860650062561,804.1427612304688,263.0965576171875,0.5834168791770935,892.7765502929688,296.73736572265625,0.7581484913825989
126,433.7044982910156,206.4645538330078,0.9225029349327087,487.7159729003906,209.74998474121094,0.7742230892181396,545.773193359375,201.12826538085938,0.276569128036499,694.3836669921875,218.3893280029297,0.9500024318695068,801.8786010742188,260.12628173828125,0.5144802927970886,890.0512084960938,299.474609375,0.8191208839416504
127,426.30584716796875,207.05728149414062,0.9295888543128967,480.65948486328125,211.21983337402344,0.6199078559875488,558.5322265625,201.8924102783203,0.32452166080474854,689.0013427734375,219.22764587402344,0.9770060181617737,480.6878662109375,212.83377075195312,0.5122568011283875,885.14208984375,299.5245056152344,0.8372048139572144
128,421.4608459472656,206.719970703125,0.9432802200317383,473.41162109375,209.9394073486328,0.6797031164169312,544.7799072265625,203.97967529296875,0.2480207085609436,684.3905029296875,221.01702880859375,0.9459258913993835,475.7518615722656,213.667236328125,0.548183262348175,879.8298950195312,299.9490051269531,0.8534168601036072
129,408.910888671875,205.64698791503906,0.8482816219329834,461.7422180175781,211.19482421875,0.43864691257476807,549.6702270507812,198.22293090820312,0.6530884504318237,672.4057006835938,221.0371856689453,0.986696183681488,463.6405944824219,212.79566955566406,0.5172886848449707,869.5117797851562,296.9987487792969,0.8874107003211975
130,402.36181640625,205.26864624023438,0.898042619228363,457.4583435058594,211.58248901367188,0.49462461471557617,538.2453002929688,206.11752319335938,0.7456187605857849,666.8554077148438,221.3673095703125,0.9599816799163818,779.2731323242188,243.88046264648438,0.5072786808013916,866.4306640625,294.7728576660156,0.9555186629295349
131,397.3819580078125,204.9015350341797,0.8742032647132874,453.4877014160156,211.63778686523438,0.5277866721153259,544.8167724609375,197.8375244140625,0.7927781939506531,660.7567749023438,221.78785705566406,0.9826279282569885,775.3897094726562,243.83287048339844,0.5975537896156311,862.1719970703125,290.5320739746094,0.963995635509491
132,392.680908203125,205.2827911376953,0.8686860203742981,447.30169677734375,211.3082275390625,0.4392258822917938,532.81201171875,206.0693817138672,0.5814868211746216,656.544677734375,223.0167999267578,0.9816023707389832,767.2271118164062,241.73829650878906,0.5672781467437744,859.429931640625,287.8709411621094,0.9114309549331665
133,386.3153991699219,204.42294311523438,0.8733389973640442,442.0125427246094,211.64193725585938,0.3759867250919342,515.8684692382812,210.10906982421875,0.6034745573997498,650.999267578125,222.55801391601562,0.9744907021522522,763.361083984375,241.8479766845703,0.7380024194717407,856.3980102539062,283.2660827636719,0.8624632954597473
134,377.0732727050781,205.20542907714844,0.844570517539978,428.5362243652344,215.2488555908203,0.3423331379890442,502.7511901855469,211.85601806640625,0.16125759482383728,639.5283813476562,223.7791748046875,0.9777864813804626,751.9754028320312,240.80441284179688,0.6448021531105042,847.6378784179688,275.519775390625,0.9630401134490967
135,371.18365478515625,204.45933532714844,0.8626836538314819,424.8179016113281,211.5411376953125,0.3288538157939911,436.9635314941406,203.2962188720703,0.12425588071346283,634.4140625,223.13504028320312,0.9812761545181274,748.4541015625,240.20152282714844,0.6994138360023499,844.3515014648438,272.3304443359375,0.9324356317520142
136,365.26416015625,204.92333984375,0.8142246603965759,419.71612548828125,211.21478271484375,0.29895734786987305,505.47491455078125,209.91908264160156,0.5555810928344727,626.2510986328125,225.0065460205078,0.9916960597038269,741.1646728515625,238.91514587402344,0.6249136924743652,841.404296875,269.9972229003906,0.881737232208252
137,358.981201171875,204.4751434326172,0.8382796049118042,413.23150634765625,211.68479919433594,0.28261616826057434,506.76397705078125,211.0350341796875,0.48378023505210876,620.7811279296875,226.29421997070312,0.9856343865394592,413.4809875488281,212.54730224609375,0.7265392541885376,835.7874755859375,267.4742736816406,0.9506264328956604
138,352.5723876953125,205.06996154785156,0.9057053923606873,407.20660400390625,211.1443634033203,0.30803218483924866,502.0798034667969,210.23013305664062,0.5131629109382629,617.5000610351562,226.88204956054688,0.9868373870849609,734.558349609375,237.75521850585938,0.6748756170272827,831.3690185546875,266.43817138671875,0.9306778311729431
139,338.1530456542969,205.5265350341797,0.8829184174537659,394.19305419921875,208.615966796875,0.1933036744594574,417.2261657714844,202.6694793701172,0.11085391789674759,606.0569458007812,228.08177185058594,0.9760783910751343,722.0318603515625,237.0561981201172,0.6725439429283142,822.8580322265625,263.8276672363281,0.9240946769714355
140,330.6700439453125,205.48008728027344,0.7761711478233337,392.6510925292969,204.7911376953125,0.1262102872133255,404.6434326171875,203.52520751953125,0.15607792139053345,602.0952758789062,226.9053497314453,0.9796598553657532,718.0531616210938,237.34716796875,0.7198960781097412,817.3539428710938,263.2525329589844,0.9564621448516846
141,324.89654541015625,205.2270965576172,0.8349847793579102,389.5111999511719,204.08721923828125,0.10137379169464111,403.173828125,202.2111053466797,0.12344079464673996,596.2559204101562,227.45851135253906,0.9714146852493286,713.341796875,239.0755615234375,0.5825945734977722,813.1891479492188,262.9003601074219,0.9148784279823303
142,317.28875732421875,203.1398468017578,0.7581629753112793,377.54486083984375,204.21900939941406,0.17291302978992462,401.0522155761719,202.0439910888672,0.09098903834819794,591.6224365234375,228.65260314941406,0.9731290340423584,707.6348266601562,237.331298828125,0.6967281103134155,808.1040649414062,260.6958923339844,0.9220372438430786
143,313.8995361328125,200.62831115722656,0.7019708752632141,375.0796203613281,202.6854705810547,0.1142338216304779,388.54052734375,201.59373474121094,0.07977283746004105,586.9010620117188,227.62713623046875,0.9740129709243774,703.28564453125,237.2967071533203,0.7775120139122009,801.6143188476562,260.9720764160156,0.9482805132865906
144,301.95556640625,196.13177490234375,0.587488055229187,362.6444091796875,200.59567260742188,0.15624956786632538,372.3421936035156,190.17100524902344,0.13801456987857819,576.1544189453125,228.2511444091797,0.9593032598495483,691.2900390625,238.5095977783203,0.7691121697425842,793.6942749023438,262.7454528808594,0.8906156420707703
145,296.1273498535156,195.55369567871094,0.6788743138313293,360.48590087890625,192.89553833007812,0.09573601931333542,370.75445556640625,189.1169891357422,0.162889301776886,571.7193603515625,227.800537109375,0.936417818069458,687.9476318359375,237.6967010498047,0.8313314318656921,787.4061279296875,262.3982849121094,0.9272171854972839
146,290.53741455078125,194.54348754882812,0.6425302028656006,357.4109191894531,190.83145141601562,0.09611138701438904,369.14154052734375,187.5824432373047,0.14018389582633972,566.7279663085938,227.82659912109375,0.9399387836456299,683.8790893554688,238.11378479003906,0.8204907774925232,782.7823486328125,263.5757141113281,0.8885013461112976
147,284.7301330566406,193.5826873779297,0.6478931307792664,289.24017333984375,189.77845764160156,0.07645455747842789,368.4833984375,188.5748291015625,0.16144317388534546,560.4811401367188,226.02328491210938,0.9721150398254395,676.9777221679688,239.24742126464844,0.8189160823822021,355.8688049316406,191.35910034179688,0.8971645832061768
148,279.2784118652344,192.34957885742188,0.5655052661895752,284.51007080078125,188.1155548095703,0.07947727292776108,368.84869384765625,187.78628540039062,0.1425808221101761,555.9552001953125,224.3079376220703,0.9552685618400574,672.8636474609375,238.75868225097656,0.8383785486221313,773.7618408203125,263.9381408691406,0.9146929383277893
149,272.7173767089844,198.3701171875,0.49035707116127014,331.52117919921875,190.7522735595703,0.07645164430141449,356.01318359375,186.48126220703125,0.09795422106981277,544.988037109375,222.64805603027344,0.9707122445106506,660.9425048828125,241.07044982910156,0.7831565737724304,763.3168334960938,265.2826843261719,0.881561815738678
150,270.2124938964844,201.41151428222656,0.46965134143829346,659.3262939453125,243.50848388671875,0.08474508672952652,355.2533874511719,185.0633544921875,0.0876019075512886,538.962646484375,223.8953857421875,0.9468891024589539,654.8070678710938,241.818359375,0.8218583464622498,758.0357666015625,263.7209167480469,0.9314647912979126
151,269.322509765625,204.7423095703125,0.5443337559700012,652.7202758789062,244.08644104003906,0.15199275314807892,376.14276123046875,188.82583618164062,0.12962640821933746,533.5892944335938,223.72650146484375,0.9526388645172119,651.3887329101562,243.01834106445312,0.7542341351509094,752.182373046875,264.4528503417969,0.9371072053909302
152,270.0027160644531,210.96002197265625,0.5890502333641052,649.7466430664062,245.3863525390625,0.129775270819664,353.66064453125,184.0135955810547,0.11252027750015259,528.4833374023438,225.42506408691406,0.9700461626052856,644.1354370117188,244.36070251464844,0.7482963800430298,747.2515869140625,264.7157287597656,0.935029923915863
153,270.2928466796875,217.3572235107422,0.5640437602996826,320.2153625488281,187.91175842285156,0.1400749832391739,395.9406433105469,187.36793518066406,0.3771461248397827,523.9977416992188,226.19744873046875,0.9622311592102051,638.646484375,244.6934051513672,0.7706087827682495,741.1045532226562,262.62957763671875,0.9699764847755432
154,275.7174987792969,232.82806396484375,0.7878309488296509,631.9853515625,247.21307373046875,0.1374860405921936,368.4969482421875,185.9395751953125,0.10430699586868286,512.3233032226562,226.7514190673828,0.9698939323425293,627.0220336914062,246.1522216796875,0.6320153474807739,730.3372192382812,259.5185546875,0.9580259919166565
155,282.63470458984375,240.00808715820312,0.8550105094909668,318.1867980957031,202.1016082763672,0.15878351032733917,369.7732849121094,184.7899932861328,0.196707621216774,505.3174743652344,224.31082153320312,0.9555028676986694,620.3911743164062,246.84933471679688,0.7311477065086365,723.0094604492188,259.6373596191406,0.9873458743095398
156,286.1419677734375,244.1900634765625,0.8873587846755981,322.0781555175781,202.3663787841797,0.18872570991516113,361.863525390625,182.91378784179688,0.2263210564851761,496.98004150390625,225.89462280273438,0.9880090951919556,612.6831665039062,248.08224487304688,0.6426360011100769,716.418212890625,258.2688293457031,0.9521929025650024
157,291.3980407714844,251.04893493652344,0.7883143424987793,326.6628723144531,207.7144775390625,0.14665010571479797,356.4856262207031,184.82968139648438,0.2198890745639801,490.59283447265625,225.01870727539062,0.9845000505447388,605.3825073242188,247.3457794189453,0.7040114998817444,708.5576782226562,255.4990997314453,0.9753895998001099
158,301.334228515625,248.98411560058594,0.7234062552452087,327.764892578125,215.39511108398438,0.26113057136535645,352.9393005371094,195.13833618164062,0.1905192881822586,483.8662109375,225.17466735839844,0.9827290773391724,598.1060791015625,248.66835021972656,0.4853934347629547,701.8466796875,255.70318603515625,0.9162312150001526
159,311.2109680175781,247.84814453125,0.7662038207054138,333.21893310546875,222.70054626464844,0.6352640390396118,355.4547119140625,192.08096313476562,0.43324917554855347,469.6853332519531,224.95118713378906,0.985723078250885,582.16064453125,248.4987335205078,0.44973024725914,686.7265014648438,253.886474609375,0.9376751780509949
160,318.4368896484375,243.20216369628906,0.6648412346839905,330.1097717285156,225.94436645507812,0.47785452008247375,352.2847595214844,180.0260467529297,0.5997705459594727,463.4726257324219,225.06494140625,0.9767597317695618,574.1983032226562,249.4844512939453,0.5207388997077942,679.5048217773438,252.5196990966797,0.9683195948600769
161,321.06683349609375,237.1605987548828,0.6124870777130127,336.42626953125,219.91598510742188,0.3083760440349579,353.4460144042969,193.35293579101562,0.5558485984802246,453.7485046386719,224.75177001953125,0.970066249370575,569.0205078125,251.69615173339844,0.3953813314437866,671.3751831054688,251.68833923339844,0.9472390413284302
162,325.1943054199219,230.2464141845703,0.7678407430648804,344.1736145019531,211.6721954345703,0.3775966167449951,359.11468505859375,190.45925903320312,0.5463358163833618,447.3885192871094,223.0442352294922,0.962467610836029,557.6441650390625,249.66490173339844,0.566665768623352,662.34521484375,249.92471313476562,0.9508486986160278
163,326.9621887207031,222.03121948242188,0.7581522464752197,346.44183349609375,204.88027954101562,0.5592926144599915,363.9468688964844,186.63014221191406,0.04993154853582382,439.19873046875,223.31011962890625,0.9558661580085754,549.1911010742188,251.18386840820312,0.6249728202819824,653.7315673828125,248.68936157226562,0.9397961497306824
164,333.4816589355469,210.23435974121094,0.6602152585983276,343.07330322265625,203.47561645507812,0.40408414602279663,427.2433776855469,216.98899841308594,0.06494282186031342,423.2186584472656,218.52188110351562,0.9612013697624207,531.79833984375,254.18817138671875,0.5846173167228699,637.42529296875,246.51339721679688,0.948482871055603
165,332.1306457519531,206.75241088867188,0.718786895275116,339.3356628417969,204.60487365722656,0.19303756952285767,421.0581359863281,216.8292694091797,0.06736557185649872,417.4154357910156,218.7710723876953,0.9791410565376282,525.5765380859375,252.46530151367188,0.6654060482978821,629.9109497070312,244.87474060058594,0.9804595708847046
166,328.8792419433594,202.9586181640625,0.6748718023300171,520.2333984375,255.2860870361328,0.10661926865577698,414.5708923339844,211.3424530029297,0.07189646363258362,411.5545349121094,216.69192504882812,0.9761507511138916,518.0372924804688,255.42726135253906,0.6008936166763306,622.74853515625,244.80909729003906,0.9716672301292419
167,319.86993408203125,199.0663299560547,0.4885650873184204,510.7606201171875,262.4434509277344,0.06026337668299675,407.4657897949219,199.4717254638672,0.14352929592132568,405.2318115234375,215.3595733642578,0.9937507510185242,509.3719482421875,259.2880859375,0.7432127594947815,614.732666015625,241.8649444580078,0.970225989818573
168,319.41680908203125,200.89112854003906,0.35858985781669617,503.9605712890625,264.0430908203125,0.057272087782621384,403.5067443847656,198.3998260498047,0.12500570714473724,400.5491638183594,214.89332580566406,0.9933880567550659,503.3224792480469,263.2223815917969,0.7317243814468384,606.594482421875,242.07301330566406,0.9620789885520935
169,289.6405944824219,199.1291046142578,0.6193076968193054,298.8470153808594,195.677734375,0.08281289041042328,396.9155578613281,209.19149780273438,0.18580691516399384,392.9452819824219,213.65707397460938,0.9749074578285217,491.3126525878906,267.92108154296875,0.7512463927268982,589.8345947265625,239.6281280517578,0.9321950674057007
170,279.6515197753906,194.2270050048828,0.6752669215202332,287.6083068847656,192.7114715576172,0.14806874096393585,393.68255615234375,206.82286071777344,0.21082819998264313,389.3796081542969,213.2478485107422,0.9873910546302795,482.29852294921875,274.1193542480469,0.8868049383163452,582.0867309570312,238.5943603515625,0.9693939685821533
171,278.1630859375,195.1636505126953,0.589139461517334,286.0075988769531,193.4403839111328,0.16009865701198578,392.2954406738281,210.10546875,0.19587786495685577,388.0544128417969,213.3314208984375,0.9911076426506042,478.5120849609375,275.3788757324219,0.898963987827301,582.5865478515625,238.3063201904297,0.9729272723197937
172,266.2685852050781,192.05938720703125,0.44521692395210266,276.60821533203125,190.18690490722656,0.16813229024410248,388.4102478027344,211.9473114013672,0.22262977063655853,388.04290771484375,213.70635986328125,0.9885376691818237,467.84906005859375,279.96820068359375,0.8740342855453491,573.232177734375,237.31849670410156,0.9100645184516907
173,251.53939819335938,187.8131103515625,0.46261194348335266,265.1771240234375,188.19932556152344,0.1330966055393219,386.8564147949219,210.6369171142578,0.30901625752449036,386.1622009277344,212.9352264404297,0.9901278614997864,462.1258544921875,283.32330322265625,0.7966037392616272,562.3911743164062,235.7256317138672,0.9516586065292358
174,445.9710693359375,291.6986999511719,0.14027637243270874,230.80532836914062,180.42210388183594,0.3131072223186493,384.1946105957031,208.46453857421875,0.17529436945915222,378.8758850097656,211.81663513183594,0.9754188656806946,448.3961486816406,290.49517822265625,0.8705058693885803,533.8228759765625,230.3547821044922,0.9793933629989624
175,213.367919921875,181.30125427246094,0.15039995312690735,220.90699768066406,177.64414978027344,0.16395814716815948,383.8434143066406,208.7384490966797,0.19887858629226685,378.2578430175781,211.57513427734375,0.9744666218757629,445.5903015136719,291.18310546875,0.889204740524292,522.9353637695312,227.37249755859375,0.9705478549003601
176,433.47149658203125,297.429931640625,0.12523452937602997,357.37921142578125,213.7278594970703,0.08981486409902573,382.96856689453125,208.5253448486328,0.16175833344459534,377.4146728515625,210.84974670410156,0.9675453901290894,436.05841064453125,294.5227966308594,0.8408015370368958,511.1823425292969,225.03460693359375,0.9619320034980774
